OrderID,Product,Region,Quantity,Price,OrderDate,TotalSales
1,Smartwatch,West,7,950.35,1/1/2021,6652.45
2,Headphones,West,1,560.94,1/2/2021,560.94
3,Tablet,West,8,1270.1,1/3/2021,10160.8
4,Headphones,West,3,733.37,1/4/2021,2200.11
5,Headphones,West,6,1469.7,1/5/2021,8818.2
6,Smartphone,North,9,969.51,1/6/2021,8725.59
7,Tablet,West,6,233.08,1/7/2021,1398.48
8,Tablet,North,9,1030.46,1/8/2021,9274.14
9,Tablet,West,7,521.4,1/9/2021,3649.8
10,Headphones,East,9,1045.17,1/10/2021,9406.53
11,Smartwatch,South,2,150.98,1/11/2021,301.96
12,Tablet,North,8,303.58,1/12/2021,2428.64
13,Headphones,West,8,1290.82,1/13/2021,10326.56
14,Smartphone,East,2,379.41,1/14/2021,758.82
15,Smartwatch,South,4,1263.71,1/15/2021,5054.84
16,Smartphone,North,7,454.95,1/16/2021,3184.65
17,Smartwatch,South,4,982.18,1/17/2021,3928.72
18,Headphones,East,4,1056.52,1/18/2021,4226.08
19,Laptop,North,6,793.35,1/19/2021,4760.1
20,Smartwatch,South,6,492.7,1/20/2021,2956.2
21,Smartphone,West,3,358.33,1/21/2021,1074.99
22,Headphones,North,9,98.12,1/22/2021,883.08
23,Smartwatch,South,2,490.72,1/23/2021,981.44
24,Laptop,East,6,997.09,1/24/2021,5982.54
25,Laptop,East,7,1410.54,1/25/2021,9873.78
26,Tablet,North,9,1313.25,1/26/2021,11819.25
27,Tablet,South,3,1160.79,1/27/2021,3482.37
28,Smartphone,North,3,1193.25,1/28/2021,3579.75
29,Smartwatch,North,7,1014.23,1/29/2021,7099.61
30,Smartwatch,South,4,427.42,1/30/2021,1709.68
31,Tablet,South,8,1365.43,1/31/2021,10923.44
32,Smartwatch,West,7,1022.56,2/1/2021,7157.92
33,Smartwatch,South,5,862.64,2/2/2021,4313.2
34,Laptop,East,7,210.93,2/3/2021,1476.51
35,Tablet,North,3,698.23,2/4/2021,2094.69
36,Headphones,North,2,717.52,2/5/2021,1435.04
37,Tablet,East,6,1303.62,2/6/2021,7821.72
38,Headphones,South,2,842.64,2/7/2021,1685.28
39,Laptop,East,3,601.58,2/8/2021,1804.74
40,Smartphone,East,6,1466.36,2/9/2021,8798.16
41,Smartwatch,West,5,210.54,2/10/2021,1052.7
42,Laptop,East,8,662.7,2/11/2021,5301.6
43,Smartwatch,North,9,110.94,2/12/2021,998.46
44,Smartphone,East,3,1122.86,2/13/2021,3368.58
45,Smartphone,North,3,1381.21,2/14/2021,4143.63
46,Laptop,North,3,456.05,2/15/2021,1368.15
47,Smartphone,North,6,1294.6,2/16/2021,7767.6
48,Headphones,South,1,473.72,2/17/2021,473.72
49,Smartphone,West,7,1370.62,2/18/2021,9594.34
50,Smartwatch,North,1,1143.24,2/19/2021,1143.24
51,Smartwatch,North,5,1217.11,2/20/2021,6085.55
52,Smartwatch,South,8,76.11,2/21/2021,608.88
53,Smartwatch,North,4,1446.08,2/22/2021,5784.32
54,Headphones,East,5,1103.67,2/23/2021,5518.35
55,Tablet,East,4,491.89,2/24/2021,1967.56
56,Laptop,West,4,1252.62,2/25/2021,5010.48
57,Smartwatch,North,8,458.21,2/26/2021,3665.68
58,Smartphone,South,2,1315.49,2/27/2021,2630.98
59,Smartwatch,East,1,213.24,2/28/2021,213.24
60,Smartphone,South,3,1070.34,3/1/2021,3211.02
61,Smartphone,South,9,834.01,3/2/2021,7506.09
62,Smartwatch,East,4,189.97,3/3/2021,759.88
63,Headphones,South,5,400.75,3/4/2021,2003.75
64,Smartphone,East,2,67.99,3/5/2021,135.98
65,Smartphone,South,4,729.71,3/6/2021,2918.84
66,Smartwatch,East,2,486.83,3/7/2021,973.66
67,Smartphone,North,2,917.62,3/8/2021,1835.24
68,Smartphone,West,4,480.99,3/9/2021,1923.96
69,Smartwatch,East,6,484.88,3/10/2021,2909.28
70,Smartwatch,East,7,1127.63,3/11/2021,7893.41
71,Laptop,West,3,119.81,3/12/2021,359.43
72,Headphones,East,3,1359.2,3/13/2021,4077.6
73,Headphones,East,6,1285.78,3/14/2021,7714.68
74,Smartphone,South,3,1018.32,3/15/2021,3054.96
75,Headphones,West,2,910.17,3/16/2021,1820.34
76,Smartphone,North,8,1343.84,3/17/2021,10750.72
77,Laptop,East,5,318.73,3/18/2021,1593.65
78,Smartwatch,West,1,164.51,3/19/2021,164.51
79,Smartwatch,South,3,397.29,3/20/2021,1191.87
80,Smartwatch,North,8,1202.14,3/21/2021,9617.12
81,Headphones,West,4,100.27,3/22/2021,401.08
82,Laptop,North,7,895.07,3/23/2021,6265.49
83,Headphones,North,2,1493.38,3/24/2021,2986.76
84,Headphones,North,7,1290.76,3/25/2021,9035.32
85,Laptop,East,5,806.1,3/26/2021,4030.5
86,Laptop,East,5,142.28,3/27/2021,711.4
87,Laptop,South,6,1255.49,3/28/2021,7532.94
88,Laptop,South,9,918.52,3/29/2021,8266.68
89,Smartwatch,West,6,216.65,3/30/2021,1299.9
90,Tablet,South,8,186.09,3/31/2021,1488.72
91,Tablet,North,7,1368.96,4/1/2021,9582.72
92,Laptop,North,9,1020.34,4/2/2021,9183.06
93,Tablet,East,4,1252.47,4/3/2021,5009.88
94,Tablet,North,2,1324.52,4/4/2021,2649.04
95,Laptop,West,7,879.07,4/5/2021,6153.49
96,Tablet,North,6,800.3,4/6/2021,4801.8
97,Headphones,North,1,674.12,4/7/2021,674.12
98,Smartphone,West,9,509.57,4/8/2021,4586.13
99,Smartphone,South,9,680.16,4/9/2021,6121.44
100,Laptop,South,2,1172.13,4/10/2021,2344.26
101,Smartwatch,West,3,922.79,4/11/2021,2768.37
102,Laptop,East,5,1344.16,4/12/2021,6720.8
103,Smartwatch,North,5,692.9,4/13/2021,3464.5
104,Smartphone,West,1,930.28,4/14/2021,930.28
105,Laptop,North,8,965.4,4/15/2021,7723.2
106,Headphones,East,8,907.96,4/16/2021,7263.68
107,Tablet,North,4,1068.82,4/17/2021,4275.28
108,Smartwatch,West,7,394.28,4/18/2021,2759.96
109,Tablet,North,3,792.93,4/19/2021,2378.79
110,Tablet,South,6,201.13,4/20/2021,1206.78
111,Laptop,East,9,607.54,4/21/2021,5467.86
112,Tablet,East,1,757.12,4/22/2021,757.12
113,Headphones,East,5,995.73,4/23/2021,4978.65
114,Tablet,West,4,1428.27,4/24/2021,5713.08
115,Laptop,East,8,920.94,4/25/2021,7367.52
116,Headphones,South,1,1128.21,4/26/2021,1128.21
117,Smartphone,West,9,784.09,4/27/2021,7056.81
118,Tablet,South,6,969.45,4/28/2021,5816.7
119,Laptop,North,4,152.85,4/29/2021,611.4
120,Smartphone,North,9,418.87,4/30/2021,3769.83
121,Smartphone,North,5,574.69,5/1/2021,2873.45
122,Smartwatch,North,5,735.12,5/2/2021,3675.6
123,Headphones,South,5,116.19,5/3/2021,580.95
124,Tablet,West,1,253.03,5/4/2021,253.03
125,Laptop,West,1,451.38,5/5/2021,451.38
126,Smartwatch,East,8,1458.72,5/6/2021,11669.76
127,Headphones,South,8,530.45,5/7/2021,4243.6
128,Smartwatch,North,6,748.96,5/8/2021,4493.76
129,Headphones,South,4,334.34,5/9/2021,1337.36
130,Headphones,East,2,935.63,5/10/2021,1871.26
131,Tablet,East,2,456.99,5/11/2021,913.98
132,Headphones,South,9,350.14,5/12/2021,3151.26
133,Smartwatch,South,5,799.03,5/13/2021,3995.15
134,Headphones,South,4,57.98,5/14/2021,231.92
135,Tablet,West,1,61.11,5/15/2021,61.11
136,Tablet,North,7,367.65,5/16/2021,2573.55
137,Smartwatch,South,3,103.25,5/17/2021,309.75
138,Smartphone,South,6,206.64,5/18/2021,1239.84
139,Smartphone,South,5,541.35,5/19/2021,2706.75
140,Headphones,East,5,1213.75,5/20/2021,6068.75
141,Laptop,East,5,879.47,5/21/2021,4397.35
142,Headphones,West,1,793.37,5/22/2021,793.37
143,Smartwatch,North,1,475.56,5/23/2021,475.56
144,Smartwatch,West,3,1401.04,5/24/2021,4203.12
145,Smartwatch,North,4,625.67,5/25/2021,2502.68
146,Smartwatch,East,5,176.28,5/26/2021,881.4
147,Smartwatch,East,2,944.75,5/27/2021,1889.5
148,Tablet,East,8,215.07,5/28/2021,1720.56
149,Smartphone,West,2,550.57,5/29/2021,1101.14
150,Smartwatch,South,9,785.75,5/30/2021,7071.75
151,Laptop,South,2,1317.62,5/31/2021,2635.24
152,Laptop,East,9,765.64,6/1/2021,6890.76
153,Laptop,South,7,1068.28,6/2/2021,7477.96
154,Laptop,South,8,1489.58,6/3/2021,11916.64
155,Tablet,West,2,240.66,6/4/2021,481.32
156,Laptop,North,7,448.36,6/5/2021,3138.52
157,Smartwatch,East,6,622.14,6/6/2021,3732.84
158,Headphones,East,4,661.65,6/7/2021,2646.6
159,Laptop,West,7,645.98,6/8/2021,4521.86
160,Tablet,West,4,1366.04,6/9/2021,5464.16
161,Tablet,South,2,1085.35,6/10/2021,2170.7
162,Laptop,East,7,931.46,6/11/2021,6520.22
163,Headphones,North,8,498.59,6/12/2021,3988.72
164,Laptop,West,2,1244.5,6/13/2021,2489
165,Tablet,North,5,1434.84,6/14/2021,7174.2
166,Smartphone,North,1,1240.74,6/15/2021,1240.74
167,Smartwatch,East,7,52.27,6/16/2021,365.89
168,Tablet,East,8,972.78,6/17/2021,7782.24
169,Laptop,West,6,124.15,6/18/2021,744.9
170,Smartwatch,East,5,423.53,6/19/2021,2117.65
171,Laptop,East,6,136.31,6/20/2021,817.86
172,Laptop,East,2,925.5,6/21/2021,1851
173,Smartphone,North,1,1045.56,6/22/2021,1045.56
174,Smartwatch,West,7,216.01,6/23/2021,1512.07
175,Smartwatch,South,7,606.57,6/24/2021,4245.99
176,Smartphone,North,2,711.54,6/25/2021,1423.08
177,Tablet,East,2,585.13,6/26/2021,1170.26
178,Laptop,North,1,225.49,6/27/2021,225.49
179,Headphones,East,8,657.47,6/28/2021,5259.76
180,Laptop,East,8,1139.21,6/29/2021,9113.68
181,Laptop,North,1,152.96,6/30/2021,152.96
182,Tablet,West,8,166.26,7/1/2021,1330.08
183,Laptop,East,9,564.42,7/2/2021,5079.78
184,Smartphone,West,4,1415.5,7/3/2021,5662
185,Smartphone,South,1,1019.43,7/4/2021,1019.43
186,Smartwatch,East,1,1034.07,7/5/2021,1034.07
187,Headphones,West,3,574.78,7/6/2021,1724.34
188,Laptop,West,5,910.81,7/7/2021,4554.05
189,Laptop,South,5,64.69,7/8/2021,323.45
190,Tablet,West,9,972.34,7/9/2021,8751.06
191,Smartphone,West,2,1374.27,7/10/2021,2748.54
192,Headphones,South,2,938.23,7/11/2021,1876.46
193,Smartwatch,East,6,1316.86,7/12/2021,7901.16
194,Smartphone,West,9,1099.76,7/13/2021,9897.84
195,Smartwatch,West,1,224.81,7/14/2021,224.81
196,Tablet,West,9,1358.56,7/15/2021,12227.04
197,Tablet,North,9,146.34,7/16/2021,1317.06
198,Laptop,South,9,824.25,7/17/2021,7418.25
199,Headphones,North,5,256.1,7/18/2021,1280.5
200,Smartwatch,South,9,66.97,7/19/2021,602.73
201,Smartphone,East,4,661.95,7/20/2021,2647.8
202,Tablet,East,2,477.81,7/21/2021,955.62
203,Laptop,West,6,754.7,7/22/2021,4528.2
204,Laptop,South,4,886.94,7/23/2021,3547.76
205,Smartwatch,East,6,113.42,7/24/2021,680.52
206,Tablet,South,3,228.35,7/25/2021,685.05
207,Headphones,East,6,860.03,7/26/2021,5160.18
208,Tablet,North,2,547.59,7/27/2021,1095.18
209,Smartwatch,East,2,1107.3,7/28/2021,2214.6
210,Smartwatch,North,9,995.82,7/29/2021,8962.38
211,Tablet,East,7,1276.13,7/30/2021,8932.91
212,Smartwatch,West,3,1054.11,7/31/2021,3162.33
213,Tablet,North,1,673.4,8/1/2021,673.4
214,Smartphone,East,8,1025.8,8/2/2021,8206.4
215,Tablet,West,6,449.3,8/3/2021,2695.8
216,Tablet,North,7,494.15,8/4/2021,3459.05
217,Smartwatch,West,9,1194.03,8/5/2021,10746.27
218,Smartwatch,South,5,697.31,8/6/2021,3486.55
219,Laptop,South,1,1207.65,8/7/2021,1207.65
220,Laptop,North,7,1242.51,8/8/2021,8697.57
221,Smartphone,East,5,1293.47,8/9/2021,6467.35
222,Laptop,North,3,1379.12,8/10/2021,4137.36
223,Tablet,West,9,674.93,8/11/2021,6074.37
224,Smartwatch,East,1,512.36,8/12/2021,512.36
225,Laptop,South,1,894.19,8/13/2021,894.19
226,Laptop,East,1,588.2,8/14/2021,588.2
227,Smartphone,South,3,921.56,8/15/2021,2764.68
228,Smartphone,East,6,1073.1,8/16/2021,6438.6
229,Tablet,East,3,1048.19,8/17/2021,3144.57
230,Smartwatch,East,8,593.1,8/18/2021,4744.8
231,Smartphone,West,2,291.95,8/19/2021,583.9
232,Laptop,West,9,674.27,8/20/2021,6068.43
233,Smartwatch,North,3,256.76,8/21/2021,770.28
234,Smartwatch,North,5,1340.64,8/22/2021,6703.2
235,Laptop,South,8,551.52,8/23/2021,4412.16
236,Smartphone,West,2,273.97,8/24/2021,547.94
237,Laptop,South,6,86.9,8/25/2021,521.4
238,Smartwatch,North,5,986.44,8/26/2021,4932.2
239,Headphones,South,9,973.51,8/27/2021,8761.59
240,Headphones,North,5,543.88,8/28/2021,2719.4
241,Tablet,West,2,153.98,8/29/2021,307.96
242,Laptop,East,5,643.96,8/30/2021,3219.8
243,Laptop,West,4,501.27,8/31/2021,2005.08
244,Tablet,South,7,1031.82,9/1/2021,7222.74
245,Tablet,South,6,928.38,9/2/2021,5570.28
246,Tablet,West,2,578.66,9/3/2021,1157.32
247,Smartwatch,West,5,365.94,9/4/2021,1829.7
248,Laptop,North,7,1482.65,9/5/2021,10378.55
249,Smartwatch,South,7,708.3,9/6/2021,4958.1
250,Tablet,South,5,1048,9/7/2021,5240
251,Laptop,West,9,253.8,9/8/2021,2284.2
252,Smartwatch,East,4,754.11,9/9/2021,3016.44
253,Smartwatch,South,3,89.93,9/10/2021,269.79
254,Tablet,East,4,782.91,9/11/2021,3131.64
255,Laptop,West,5,1447.83,9/12/2021,7239.15
256,Tablet,West,6,607.1,9/13/2021,3642.6
257,Laptop,North,3,106.54,9/14/2021,319.62
258,Headphones,South,2,94.89,9/15/2021,189.78
259,Smartphone,East,4,612.58,9/16/2021,2450.32
260,Smartphone,North,5,282.04,9/17/2021,1410.2
261,Smartphone,South,4,83.86,9/18/2021,335.44
262,Tablet,North,3,1146.51,9/19/2021,3439.53
263,Headphones,West,8,714.86,9/20/2021,5718.88
264,Laptop,South,4,469.4,9/21/2021,1877.6
265,Smartwatch,North,2,1355.12,9/22/2021,2710.24
266,Laptop,North,2,218.4,9/23/2021,436.8
267,Smartwatch,East,1,1436.08,9/24/2021,1436.08
268,Laptop,North,4,505.25,9/25/2021,2021
269,Headphones,South,9,1338.19,9/26/2021,12043.71
270,Smartwatch,South,7,924.27,9/27/2021,6469.89
271,Tablet,East,7,1248.73,9/28/2021,8741.11
272,Laptop,South,7,1476.82,9/29/2021,10337.74
273,Laptop,West,8,468.19,9/30/2021,3745.52
274,Smartwatch,South,1,1443.65,10/1/2021,1443.65
275,Tablet,South,8,614.75,10/2/2021,4918
276,Tablet,North,4,608.99,10/3/2021,2435.96
277,Headphones,North,4,543.56,10/4/2021,2174.24
278,Tablet,South,4,835.04,10/5/2021,3340.16
279,Tablet,East,6,273.51,10/6/2021,1641.06
280,Tablet,North,7,852.88,10/7/2021,5970.16
281,Smartphone,East,6,835.47,10/8/2021,5012.82
282,Headphones,South,1,1154.76,10/9/2021,1154.76
283,Laptop,South,8,1258.79,10/10/2021,10070.32
284,Smartwatch,West,7,688.64,10/11/2021,4820.48
285,Laptop,North,6,488.38,10/12/2021,2930.28
286,Headphones,South,6,426.04,10/13/2021,2556.24
287,Smartwatch,West,5,332.2,10/14/2021,1661
288,Headphones,North,6,133.59,10/15/2021,801.54
289,Tablet,South,9,546.55,10/16/2021,4918.95
290,Smartwatch,South,9,441.86,10/17/2021,3976.74
291,Tablet,North,8,1451.31,10/18/2021,11610.48
292,Laptop,North,9,858.68,10/19/2021,7728.12
293,Laptop,North,8,553.55,10/20/2021,4428.4
294,Smartwatch,South,8,891.68,10/21/2021,7133.44
295,Smartwatch,South,1,251.84,10/22/2021,251.84
296,Headphones,West,5,693.86,10/23/2021,3469.3
297,Headphones,East,4,958.04,10/24/2021,3832.16
298,Tablet,North,2,758.9,10/25/2021,1517.8
299,Smartwatch,South,8,632.58,10/26/2021,5060.64
300,Laptop,South,3,1491.08,10/27/2021,4473.24
301,Headphones,North,4,1326.46,10/28/2021,5305.84
302,Headphones,East,7,953.94,10/29/2021,6677.58
303,Laptop,North,9,875.6,10/30/2021,7880.4
304,Headphones,East,2,949.96,10/31/2021,1899.92
305,Tablet,South,3,341.9,11/1/2021,1025.7
306,Smartwatch,East,4,622.95,11/2/2021,2491.8
307,Laptop,West,1,107.22,11/3/2021,107.22
308,Smartwatch,South,7,739.54,11/4/2021,5176.78
309,Headphones,West,2,837.39,11/5/2021,1674.78
310,Headphones,North,5,380.24,11/6/2021,1901.2
311,Laptop,North,1,1447.84,11/7/2021,1447.84
312,Tablet,North,3,1368.71,11/8/2021,4106.13
313,Smartphone,East,2,1097.11,11/9/2021,2194.22
314,Laptop,South,1,823.41,11/10/2021,823.41
315,Smartphone,North,7,1311.46,11/11/2021,9180.22
316,Smartphone,North,5,239.45,11/12/2021,1197.25
317,Tablet,South,1,1196.24,11/13/2021,1196.24
318,Smartphone,North,6,230.99,11/14/2021,1385.94
319,Smartphone,West,5,1201.61,11/15/2021,6008.05
320,Tablet,South,3,449.86,11/16/2021,1349.58
321,Smartphone,South,7,1321.78,11/17/2021,9252.46
322,Smartphone,South,9,1418.86,11/18/2021,12769.74
323,Smartphone,West,9,265.75,11/19/2021,2391.75
324,Laptop,South,9,720.88,11/20/2021,6487.92
325,Laptop,West,2,1472.43,11/21/2021,2944.86
326,Laptop,South,3,750.94,11/22/2021,2252.82
327,Tablet,East,7,1302.14,11/23/2021,9114.98
328,Headphones,North,5,903.66,11/24/2021,4518.3
329,Smartphone,East,2,594.23,11/25/2021,1188.46
330,Smartphone,North,3,464.39,11/26/2021,1393.17
331,Tablet,West,6,344.67,11/27/2021,2068.02
332,Smartphone,East,7,1154.61,11/28/2021,8082.27
333,Laptop,South,9,610.48,11/29/2021,5494.32
334,Headphones,North,1,791.35,11/30/2021,791.35
335,Smartwatch,North,7,763.87,12/1/2021,5347.09
336,Smartphone,East,8,887.05,12/2/2021,7096.4
337,Laptop,West,3,1305.09,12/3/2021,3915.27
338,Smartwatch,East,4,1472.07,12/4/2021,5888.28
339,Headphones,West,6,641,12/5/2021,3846
340,Smartwatch,West,7,1249.9,12/6/2021,8749.3
341,Laptop,North,4,1158.57,12/7/2021,4634.28
342,Smartwatch,East,8,881.62,12/8/2021,7052.96
343,Tablet,East,5,1436.27,12/9/2021,7181.35
344,Smartwatch,West,1,340.69,12/10/2021,340.69
345,Smartphone,East,4,208.43,12/11/2021,833.72
346,Smartphone,South,3,1288.24,12/12/2021,3864.72
347,Tablet,South,9,686.77,12/13/2021,6180.93
348,Laptop,East,8,1278.1,12/14/2021,10224.8
349,Smartphone,East,1,1344.98,12/15/2021,1344.98
350,Headphones,West,6,140.56,12/16/2021,843.36
351,Smartphone,South,9,1331.02,12/17/2021,11979.18
352,Smartphone,South,7,700.06,12/18/2021,4900.42
353,Laptop,North,4,790.13,12/19/2021,3160.52
354,Smartwatch,West,1,958.56,12/20/2021,958.56
355,Smartphone,North,2,1393.25,12/21/2021,2786.5
356,Tablet,South,5,77.72,12/22/2021,388.6
357,Smartwatch,West,5,741.42,12/23/2021,3707.1
358,Headphones,East,8,1047.2,12/24/2021,8377.6
359,Laptop,West,6,1097.93,12/25/2021,6587.58
360,Headphones,East,8,1054.17,12/26/2021,8433.36
361,Smartwatch,East,2,244.93,12/27/2021,489.86
362,Smartwatch,West,3,484.12,12/28/2021,1452.36
363,Smartwatch,East,6,570.14,12/29/2021,3420.84
364,Headphones,North,3,1216.43,12/30/2021,3649.29
365,Smartwatch,South,6,454.2,12/31/2021,2725.2
366,Headphones,East,6,355.52,1/1/2022,2133.12
367,Smartwatch,North,2,1438.3,1/2/2022,2876.6
368,Tablet,East,7,62.85,1/3/2022,439.95
369,Smartwatch,South,2,1496.84,1/4/2022,2993.68
370,Headphones,North,6,1031.39,1/5/2022,6188.34
371,Smartphone,South,1,1251.28,1/6/2022,1251.28
372,Smartwatch,South,3,477.2,1/7/2022,1431.6
373,Smartphone,North,2,70.76,1/8/2022,141.52
374,Tablet,North,7,1119.91,1/9/2022,7839.37
375,Laptop,North,4,1259.51,1/10/2022,5038.04
376,Tablet,West,8,1123.69,1/11/2022,8989.52
377,Smartwatch,North,6,257.13,1/12/2022,1542.78
378,Smartphone,North,4,1142.47,1/13/2022,4569.88
379,Smartphone,North,5,1164.94,1/14/2022,5824.7
380,Headphones,North,9,1004.88,1/15/2022,9043.92
381,Smartphone,East,7,1160.87,1/16/2022,8126.09
382,Headphones,West,9,1276.59,1/17/2022,11489.31
383,Laptop,South,7,939.73,1/18/2022,6578.11
384,Smartwatch,North,1,178.48,1/19/2022,178.48
385,Headphones,East,8,757.06,1/20/2022,6056.48
386,Laptop,East,4,162.59,1/21/2022,650.36
387,Smartphone,East,3,640.94,1/22/2022,1922.82
388,Smartphone,South,7,640.3,1/23/2022,4482.1
389,Laptop,North,3,145.71,1/24/2022,437.13
390,Smartphone,West,8,555.79,1/25/2022,4446.32
391,Laptop,West,6,210.95,1/26/2022,1265.7
392,Headphones,East,5,1221.94,1/27/2022,6109.7
393,Headphones,South,4,1424.15,1/28/2022,5696.6
394,Laptop,South,8,154.86,1/29/2022,1238.88
395,Headphones,South,8,1434.92,1/30/2022,11479.36
396,Headphones,West,1,807.74,1/31/2022,807.74
397,Headphones,East,9,484.37,2/1/2022,4359.33
398,Tablet,North,5,161.45,2/2/2022,807.25
399,Smartwatch,West,4,775.91,2/3/2022,3103.64
400,Smartphone,East,6,1202.05,2/4/2022,7212.3
401,Tablet,East,6,1075.28,2/5/2022,6451.68
402,Headphones,North,2,122.83,2/6/2022,245.66
403,Laptop,North,8,155.71,2/7/2022,1245.68
404,Headphones,North,7,634.17,2/8/2022,4439.19
405,Smartwatch,South,1,478.17,2/9/2022,478.17
406,Headphones,North,5,386.96,2/10/2022,1934.8
407,Laptop,East,6,457.46,2/11/2022,2744.76
408,Smartwatch,North,4,1215.05,2/12/2022,4860.2
409,Headphones,East,2,1397.38,2/13/2022,2794.76
410,Smartwatch,West,4,637.4,2/14/2022,2549.6
411,Smartphone,South,1,1363.86,2/15/2022,1363.86
412,Smartphone,West,7,516.17,2/16/2022,3613.19
413,Headphones,West,2,740.83,2/17/2022,1481.66
414,Smartwatch,East,2,377.74,2/18/2022,755.48
415,Laptop,West,9,978.69,2/19/2022,8808.21
416,Headphones,East,5,1469.52,2/20/2022,7347.6
417,Smartphone,North,2,925.06,2/21/2022,1850.12
418,Smartphone,North,9,568.83,2/22/2022,5119.47
419,Headphones,East,9,989.34,2/23/2022,8904.06
420,Smartwatch,North,1,228.23,2/24/2022,228.23
421,Smartphone,South,3,1338.56,2/25/2022,4015.68
422,Smartwatch,West,4,779.47,2/26/2022,3117.88
423,Smartphone,South,7,701.56,2/27/2022,4910.92
424,Smartphone,West,4,899.5,2/28/2022,3598
426,Smartphone,South,7,154.07,3/1/2022,1078.49
427,Laptop,North,6,1039.79,3/2/2022,6238.74
428,Headphones,West,3,400.8,3/3/2022,1202.4
429,Headphones,East,6,1085.23,3/4/2022,6511.38
430,Smartwatch,East,6,1242.68,3/5/2022,7456.08
431,Smartphone,South,5,1215.74,3/6/2022,6078.7
432,Laptop,North,4,851.13,3/7/2022,3404.52
433,Smartwatch,North,1,804.25,3/8/2022,804.25
434,Tablet,South,6,257.17,3/9/2022,1543.02
435,Smartwatch,East,2,1174.25,3/10/2022,2348.5
436,Smartwatch,West,3,443.54,3/11/2022,1330.62
437,Smartphone,South,8,770.21,3/12/2022,6161.68
438,Tablet,West,6,462.2,3/13/2022,2773.2
439,Smartwatch,East,3,244.05,3/14/2022,732.15
440,Laptop,North,7,962.86,3/15/2022,6740.02
441,Laptop,East,4,128.78,3/16/2022,515.12
442,Headphones,South,9,1135.54,3/17/2022,10219.86
443,Tablet,North,5,510.5,3/18/2022,2552.5
444,Tablet,South,3,50.2,3/19/2022,150.6
445,Headphones,South,2,791.14,3/20/2022,1582.28
446,Smartwatch,East,2,117.94,3/21/2022,235.88
447,Tablet,South,3,450.45,3/22/2022,1351.35
448,Laptop,East,2,1075.12,3/23/2022,2150.24
449,Laptop,North,4,140.9,3/24/2022,563.6
450,Smartphone,East,2,1267.04,3/25/2022,2534.08
451,Tablet,North,9,55.54,3/26/2022,499.86
452,Smartwatch,East,2,407.89,3/27/2022,815.78
453,Headphones,West,9,1124.31,3/28/2022,10118.79
454,Headphones,West,6,508.59,3/29/2022,3051.54
455,Smartwatch,South,1,197.74,3/30/2022,197.74
456,Smartphone,East,4,572.34,3/31/2022,2289.36
457,Headphones,East,1,442.07,4/1/2022,442.07
458,Tablet,North,6,1271.93,4/2/2022,7631.58
459,Smartphone,South,4,504.35,4/3/2022,2017.4
460,Tablet,East,3,1193.95,4/4/2022,3581.85
461,Laptop,South,3,1343.21,4/5/2022,4029.63
462,Smartphone,West,9,679.04,4/6/2022,6111.36
463,Headphones,East,6,1369.42,4/7/2022,8216.52
464,Smartphone,East,9,597.11,4/8/2022,5373.99
465,Smartphone,South,5,1447.91,4/9/2022,7239.55
466,Smartphone,East,2,179.47,4/10/2022,358.94
467,Smartphone,South,8,1046.18,4/11/2022,8369.44
468,Tablet,East,5,766.03,4/12/2022,3830.15
469,Laptop,North,2,612.09,4/13/2022,1224.18
470,Smartwatch,South,4,967.43,4/14/2022,3869.72
471,Smartphone,East,9,1070.59,4/15/2022,9635.31
472,Headphones,West,4,56.33,4/16/2022,225.32
473,Smartphone,East,4,292.08,4/17/2022,1168.32
474,Headphones,West,2,1083.92,4/18/2022,2167.84
475,Tablet,West,6,1016.26,4/19/2022,6097.56
476,Headphones,North,2,1450.77,4/20/2022,2901.54
477,Smartwatch,South,7,1153.5,4/21/2022,8074.5
478,Laptop,East,3,1428.62,4/22/2022,4285.86
479,Headphones,North,3,1068.68,4/23/2022,3206.04
480,Headphones,East,5,482.18,4/24/2022,2410.9
481,Laptop,West,3,202.78,4/25/2022,608.34
482,Smartwatch,South,2,1183.64,4/26/2022,2367.28
483,Smartphone,East,9,984.02,4/27/2022,8856.18
484,Headphones,East,2,119.87,4/28/2022,239.74
485,Laptop,West,2,572.07,4/29/2022,1144.14
486,Tablet,East,8,1437.36,4/30/2022,11498.88
487,Laptop,East,9,775.58,5/1/2022,6980.22
488,Tablet,West,7,677.46,5/2/2022,4742.22
489,Smartwatch,North,3,713.66,5/3/2022,2140.98
490,Smartphone,West,9,352.88,5/4/2022,3175.92
491,Laptop,North,3,584.63,5/5/2022,1753.89
492,Headphones,South,5,586.23,5/6/2022,2931.15
493,Smartwatch,North,9,125.91,5/7/2022,1133.19
494,Laptop,North,3,1162.97,5/8/2022,3488.91
495,Headphones,South,7,653.93,5/9/2022,4577.51
496,Laptop,North,1,1242.16,5/10/2022,1242.16
497,Tablet,West,4,1283,5/11/2022,5132
498,Laptop,North,4,357.39,5/12/2022,1429.56
499,Laptop,South,7,1003.16,5/13/2022,7022.12
500,Laptop,West,8,734.81,5/14/2022,5878.48
501,Smartwatch,South,1,1326.23,5/15/2022,1326.23
502,Laptop,South,5,362.82,5/16/2022,1814.1
503,Headphones,East,7,1032.83,5/17/2022,7229.81
504,Tablet,East,4,931.24,5/18/2022,3724.96
505,Tablet,South,4,478.19,5/19/2022,1912.76
506,Laptop,South,4,248.07,5/20/2022,992.28
507,Smartwatch,South,6,994.88,5/21/2022,5969.28
508,Smartwatch,East,7,1120.97,5/22/2022,7846.79
509,Headphones,East,2,507.66,5/23/2022,1015.32
510,Laptop,North,5,985.01,5/24/2022,4925.05
511,Tablet,North,4,622.94,5/25/2022,2491.76
512,Smartwatch,South,3,1084.15,5/26/2022,3252.45
513,Laptop,West,7,338.86,5/27/2022,2372.02
514,Smartwatch,West,6,1340.81,5/28/2022,8044.86
515,Smartwatch,East,7,466.74,5/29/2022,3267.18
516,Tablet,East,5,583.29,5/30/2022,2916.45
517,Smartphone,East,6,134.23,5/31/2022,805.38
518,Headphones,South,5,211.69,6/1/2022,1058.45
519,Headphones,West,7,798,6/2/2022,5586
520,Tablet,North,2,438.01,6/3/2022,876.02
521,Smartwatch,South,5,1261.45,6/4/2022,6307.25
522,Laptop,North,6,71.31,6/5/2022,427.86
523,Smartwatch,North,6,599.69,6/6/2022,3598.14
524,Tablet,South,5,539.15,6/7/2022,2695.75
525,Headphones,North,7,78.03,6/8/2022,546.21
526,Smartwatch,West,8,230.33,6/9/2022,1842.64
527,Headphones,North,7,649.78,6/10/2022,4548.46
528,Laptop,West,5,764.65,6/11/2022,3823.25
529,Headphones,West,1,636.22,6/12/2022,636.22
530,Headphones,West,5,819.86,6/13/2022,4099.3
531,Smartphone,East,2,912.94,6/14/2022,1825.88
532,Smartphone,North,5,64.39,6/15/2022,321.95
533,Smartphone,South,5,722.94,6/16/2022,3614.7
534,Headphones,South,2,1447.07,6/17/2022,2894.14
535,Tablet,North,5,802.6,6/18/2022,4013
536,Headphones,East,4,1032.44,6/19/2022,4129.76
537,Tablet,East,1,502.2,6/20/2022,502.2
538,Tablet,West,3,1172.29,6/21/2022,3516.87
539,Smartphone,North,1,1170.74,6/22/2022,1170.74
540,Smartwatch,North,5,805.88,6/23/2022,4029.4
541,Laptop,South,4,1465.22,6/24/2022,5860.88
542,Smartphone,North,7,232.05,6/25/2022,1624.35
543,Smartphone,East,5,74.57,6/26/2022,372.85
544,Smartwatch,North,4,1166.73,6/27/2022,4666.92
545,Laptop,South,2,1220.38,6/28/2022,2440.76
546,Headphones,West,4,224.3,6/29/2022,897.2
547,Headphones,South,2,435.1,6/30/2022,870.2
548,Smartphone,South,8,75.45,7/1/2022,603.6
549,Laptop,West,3,475.3,7/2/2022,1425.9
550,Smartphone,South,9,1171.06,7/3/2022,10539.54
551,Tablet,South,4,801.04,7/4/2022,3204.16
552,Smartphone,North,6,554.74,7/5/2022,3328.44
553,Smartphone,North,5,589.02,7/6/2022,2945.1
554,Headphones,West,1,51.96,7/7/2022,51.96
555,Headphones,North,9,484.71,7/8/2022,4362.39
556,Headphones,North,1,987.37,7/9/2022,987.37
557,Tablet,South,8,1462.58,7/10/2022,11700.64
558,Headphones,East,9,1278.24,7/11/2022,11504.16
559,Laptop,North,9,84.21,7/12/2022,757.89
560,Smartwatch,East,1,1352.91,7/13/2022,1352.91
561,Laptop,North,2,1185.64,7/14/2022,2371.28
562,Laptop,North,1,1181.55,7/15/2022,1181.55
563,Headphones,West,2,714.09,7/16/2022,1428.18
564,Smartwatch,West,8,627.11,7/17/2022,5016.88
565,Smartwatch,West,5,489.23,7/18/2022,2446.15
566,Smartwatch,East,7,145.26,7/19/2022,1016.82
567,Tablet,South,2,380.94,7/20/2022,761.88
568,Headphones,North,8,407.58,7/21/2022,3260.64
569,Smartwatch,North,6,751.91,7/22/2022,4511.46
570,Tablet,North,8,1133.79,7/23/2022,9070.32
571,Smartphone,East,1,737.02,7/24/2022,737.02
572,Smartphone,West,1,133.87,7/25/2022,133.87
573,Tablet,South,7,1438.8,7/26/2022,10071.6
574,Tablet,East,8,1416.95,7/27/2022,11335.6
575,Headphones,West,3,1188.52,7/28/2022,3565.56
576,Headphones,East,5,1487.43,7/29/2022,7437.15
577,Smartphone,South,1,839.5,7/30/2022,839.5
578,Smartwatch,West,7,1446.01,7/31/2022,10122.07
579,Smartphone,East,5,159.63,8/1/2022,798.15
580,Smartwatch,South,8,580.24,8/2/2022,4641.92
581,Smartwatch,North,8,376.8,8/3/2022,3014.4
582,Headphones,South,9,333.96,8/4/2022,3005.64
583,Laptop,North,7,254.16,8/5/2022,1779.12
584,Laptop,East,1,952.5,8/6/2022,952.5
585,Tablet,West,3,1182.92,8/7/2022,3548.76
586,Headphones,West,8,888.53,8/8/2022,7108.24
587,Smartwatch,East,3,263.1,8/9/2022,789.3
588,Laptop,West,8,1226.13,8/10/2022,9809.04
589,Smartwatch,West,1,972.13,8/11/2022,972.13
590,Laptop,North,5,612.84,8/12/2022,3064.2
591,Laptop,East,4,1027.49,8/13/2022,4109.96
592,Laptop,South,5,426.86,8/14/2022,2134.3
593,Headphones,North,8,550.53,8/15/2022,4404.24
594,Smartphone,East,4,1380.35,8/16/2022,5521.4
595,Smartwatch,North,4,471.23,8/17/2022,1884.92
596,Headphones,South,3,731.48,8/18/2022,2194.44
597,Headphones,South,7,1340.7,8/19/2022,9384.9
598,Headphones,East,3,1076.2,8/20/2022,3228.6
599,Headphones,South,3,140.19,8/21/2022,420.57
600,Headphones,North,5,263.59,8/22/2022,1317.95
601,Tablet,South,5,61.37,8/23/2022,306.85
602,Smartwatch,North,6,964.84,8/24/2022,5789.04
603,Headphones,North,8,699.13,8/25/2022,5593.04
604,Smartwatch,South,6,244.7,8/26/2022,1468.2
605,Tablet,East,1,1439,8/27/2022,1439
606,Tablet,West,8,818.01,8/28/2022,6544.08
607,Smartwatch,South,8,400.75,8/29/2022,3206
608,Laptop,North,9,775.88,8/30/2022,6982.92
609,Smartphone,North,9,1035.45,8/31/2022,9319.05
610,Laptop,South,2,160.55,9/1/2022,321.1
611,Laptop,East,2,448.32,9/2/2022,896.64
612,Laptop,East,3,1220.1,9/3/2022,3660.3
613,Headphones,North,1,716.51,9/4/2022,716.51
614,Tablet,North,4,842.54,9/5/2022,3370.16
615,Laptop,East,4,677.58,9/6/2022,2710.32
616,Tablet,West,9,113.65,9/7/2022,1022.85
617,Smartwatch,South,9,290.34,9/8/2022,2613.06
618,Smartphone,North,9,696.04,9/9/2022,6264.36
619,Smartwatch,North,7,353.32,9/10/2022,2473.24
620,Smartwatch,East,2,122.47,9/11/2022,244.94
621,Headphones,South,5,1273.29,9/12/2022,6366.45
622,Smartphone,East,4,1472.73,9/13/2022,5890.92
623,Smartwatch,South,8,1200.06,9/14/2022,9600.48
624,Smartwatch,South,2,1287.99,9/15/2022,2575.98
625,Smartphone,South,6,400.87,9/16/2022,2405.22
626,Smartphone,North,5,1442.91,9/17/2022,7214.55
627,Smartwatch,West,2,335.54,9/18/2022,671.08
628,Smartphone,East,1,1429.57,9/19/2022,1429.57
629,Smartwatch,West,8,1492.49,9/20/2022,11939.92
630,Smartwatch,East,2,1082,9/21/2022,2164
631,Headphones,South,7,1472.66,9/22/2022,10308.62
632,Laptop,North,9,875.83,9/23/2022,7882.47
633,Smartwatch,West,9,426.34,9/24/2022,3837.06
634,Tablet,North,8,683.64,9/25/2022,5469.12
635,Laptop,East,9,910.66,9/26/2022,8195.94
636,Laptop,North,2,155.97,9/27/2022,311.94
637,Laptop,North,6,952.4,9/28/2022,5714.4
638,Headphones,West,4,1472.71,9/29/2022,5890.84
639,Smartwatch,South,4,325.66,9/30/2022,1302.64
640,Headphones,North,5,1199.26,10/1/2022,5996.3
641,Smartwatch,South,3,1366.45,10/2/2022,4099.35
642,Headphones,East,1,1418.37,10/3/2022,1418.37
643,Headphones,North,8,1442.2,10/4/2022,11537.6
644,Tablet,West,5,806.12,10/5/2022,4030.6
645,Headphones,East,3,1467.1,10/6/2022,4401.3
646,Smartphone,East,7,1148.1,10/7/2022,8036.7
647,Tablet,West,7,284.42,10/8/2022,1990.94
648,Headphones,North,1,741.51,10/9/2022,741.51
649,Laptop,North,9,1091.58,10/10/2022,9824.22
650,Smartphone,East,2,408.64,10/11/2022,817.28
651,Smartphone,North,5,978.89,10/12/2022,4894.45
652,Smartphone,South,5,1016.57,10/13/2022,5082.85
653,Tablet,West,8,285.91,10/14/2022,2287.28
654,Headphones,South,8,869.37,10/15/2022,6954.96
655,Headphones,North,7,1168.86,10/16/2022,8182.02
656,Laptop,East,7,773.4,10/17/2022,5413.8
657,Laptop,West,6,67.55,10/18/2022,405.3
658,Smartphone,North,6,63.11,10/19/2022,378.66
659,Laptop,North,9,567.69,10/20/2022,5109.21
660,Tablet,East,6,1392.98,10/21/2022,8357.88
661,Headphones,East,2,381.58,10/22/2022,763.16
662,Smartphone,South,2,969.83,10/23/2022,1939.66
663,Laptop,West,5,372.01,10/24/2022,1860.05
664,Tablet,West,4,516.42,10/25/2022,2065.68
665,Tablet,East,2,1279.66,10/26/2022,2559.32
666,Laptop,South,3,1106.85,10/27/2022,3320.55
667,Headphones,West,7,188.33,10/28/2022,1318.31
668,Laptop,East,8,671.62,10/29/2022,5372.96
669,Smartphone,North,6,92.3,10/30/2022,553.8
670,Laptop,West,5,747.29,10/31/2022,3736.45
671,Tablet,South,1,1010.53,11/1/2022,1010.53
672,Laptop,South,8,221.83,11/2/2022,1774.64
673,Headphones,South,3,468.88,11/3/2022,1406.64
674,Smartwatch,North,6,626.86,11/4/2022,3761.16
675,Laptop,West,3,1383.32,11/5/2022,4149.96
676,Headphones,West,7,1490.22,11/6/2022,10431.54
677,Headphones,North,7,115.12,11/7/2022,805.84
678,Tablet,West,9,1153.46,11/8/2022,10381.14
679,Headphones,North,5,589,11/9/2022,2945
680,Headphones,North,8,619.06,11/10/2022,4952.48
681,Headphones,North,8,1143.68,11/11/2022,9149.44
682,Headphones,South,1,1381.72,11/12/2022,1381.72
683,Smartphone,West,5,1428.85,11/13/2022,7144.25
684,Smartphone,North,3,886.83,11/14/2022,2660.49
685,Tablet,West,1,567.83,11/15/2022,567.83
686,Laptop,South,4,1191.95,11/16/2022,4767.8
687,Headphones,North,8,413.95,11/17/2022,3311.6
688,Laptop,East,3,867.91,11/18/2022,2603.73
689,Laptop,South,2,569.94,11/19/2022,1139.88
690,Tablet,East,9,1002.12,11/20/2022,9019.08
691,Headphones,West,5,398.58,11/21/2022,1992.9
692,Headphones,West,7,327.81,11/22/2022,2294.67
693,Smartwatch,South,2,1381.45,11/23/2022,2762.9
694,Laptop,West,9,197.62,11/24/2022,1778.58
695,Laptop,East,9,783.64,11/25/2022,7052.76
696,Smartphone,North,4,370.24,11/26/2022,1480.96
697,Smartwatch,North,4,106.45,11/27/2022,425.8
698,Smartphone,North,6,102.23,11/28/2022,613.38
699,Smartphone,South,6,304.07,11/29/2022,1824.42
700,Smartphone,West,1,1306.82,11/30/2022,1306.82
701,Tablet,East,9,459.59,12/1/2022,4136.31
702,Tablet,West,2,1428.17,12/2/2022,2856.34
703,Smartphone,West,5,893.35,12/3/2022,4466.75
704,Smartwatch,West,9,683.09,12/4/2022,6147.81
705,Laptop,North,4,891.13,12/5/2022,3564.52
706,Smartwatch,East,3,799.21,12/6/2022,2397.63
707,Headphones,East,7,1150.23,12/7/2022,8051.61
708,Tablet,West,6,459.62,12/8/2022,2757.72
709,Laptop,North,8,561.92,12/9/2022,4495.36
710,Laptop,North,3,1346.44,12/10/2022,4039.32
711,Headphones,East,5,1422.36,12/11/2022,7111.8
712,Headphones,North,4,1344.21,12/12/2022,5376.84
713,Smartphone,North,4,658.2,12/13/2022,2632.8
714,Tablet,North,4,1181.53,12/14/2022,4726.12
715,Tablet,South,8,740.69,12/15/2022,5925.52
716,Smartwatch,West,6,771.43,12/16/2022,4628.58
717,Smartphone,East,3,346.79,12/17/2022,1040.37
718,Smartphone,East,5,907.14,12/18/2022,4535.7
719,Smartphone,South,6,319.9,12/19/2022,1919.4
720,Smartphone,West,5,530.77,12/20/2022,2653.85
721,Tablet,East,6,1289.79,12/21/2022,7738.74
722,Tablet,North,8,350.26,12/22/2022,2802.08
723,Smartphone,East,7,153.18,12/23/2022,1072.26
724,Smartwatch,North,5,150.06,12/24/2022,750.3
725,Laptop,South,6,1414.14,12/25/2022,8484.84
726,Laptop,North,4,785.03,12/26/2022,3140.12
727,Smartwatch,East,9,643.65,12/27/2022,5792.85
728,Smartphone,East,4,1225.77,12/28/2022,4903.08
729,Tablet,East,1,1261.95,12/29/2022,1261.95
730,Laptop,South,7,531.68,12/30/2022,3721.76
731,Headphones,South,7,1055.75,12/31/2022,7390.25
732,Headphones,West,4,1168.13,1/1/2023,4672.52
733,Smartwatch,East,3,999.24,1/2/2023,2997.72
734,Smartphone,North,8,269.81,1/3/2023,2158.48
735,Laptop,South,5,1320.03,1/4/2023,6600.15
736,Smartphone,East,7,831.69,1/5/2023,5821.83
737,Laptop,East,4,459.59,1/6/2023,1838.36
738,Smartwatch,South,4,666.58,1/7/2023,2666.32
739,Smartwatch,West,8,104.48,1/8/2023,835.84
740,Headphones,South,8,235.41,1/9/2023,1883.28
741,Smartphone,South,2,1160.04,1/10/2023,2320.08
742,Headphones,North,2,50.02,1/11/2023,100.04
743,Smartphone,North,3,654.02,1/12/2023,1962.06
744,Headphones,West,3,807.64,1/13/2023,2422.92
745,Tablet,East,1,129.22,1/14/2023,129.22
746,Tablet,South,3,1460.96,1/15/2023,4382.88
747,Tablet,West,6,377.88,1/16/2023,2267.28
748,Tablet,North,8,491.09,1/17/2023,3928.72
749,Laptop,South,6,490.72,1/18/2023,2944.32
750,Tablet,East,5,384.1,1/19/2023,1920.5
751,Smartwatch,North,4,52.14,1/20/2023,208.56
752,Smartwatch,North,3,1107.55,1/21/2023,3322.65
753,Laptop,North,4,1451.93,1/22/2023,5807.72
754,Tablet,West,7,375.23,1/23/2023,2626.61
755,Tablet,East,1,1011.42,1/24/2023,1011.42
756,Tablet,South,7,1125.75,1/25/2023,7880.25
757,Headphones,West,1,1280.22,1/26/2023,1280.22
758,Smartphone,West,2,662.81,1/27/2023,1325.62
759,Headphones,West,4,489.25,1/28/2023,1957
760,Smartphone,North,1,521.68,1/29/2023,521.68
761,Tablet,East,9,1083.3,1/30/2023,9749.7
762,Tablet,West,6,1234.33,1/31/2023,7405.98
763,Headphones,South,1,313.34,2/1/2023,313.34
764,Headphones,East,1,587.86,2/2/2023,587.86
765,Smartphone,South,6,1357.81,2/3/2023,8146.86
766,Smartwatch,East,4,1219.71,2/4/2023,4878.84
767,Smartphone,South,4,1478.04,2/5/2023,5912.16
768,Headphones,North,6,1143.66,2/6/2023,6861.96
769,Headphones,West,7,620.13,2/7/2023,4340.91
770,Laptop,South,9,906.42,2/8/2023,8157.78
771,Headphones,East,5,1008.47,2/9/2023,5042.35
772,Laptop,West,9,163.76,2/10/2023,1473.84
773,Smartwatch,West,4,839.52,2/11/2023,3358.08
774,Smartphone,East,2,1078.52,2/12/2023,2157.04
775,Smartphone,South,3,292.62,2/13/2023,877.86
776,Laptop,North,1,1181.92,2/14/2023,1181.92
777,Smartphone,North,6,896.47,2/15/2023,5378.82
778,Headphones,South,6,1430.72,2/16/2023,8584.32
779,Tablet,West,1,111.51,2/17/2023,111.51
780,Laptop,West,3,434.72,2/18/2023,1304.16
781,Smartphone,West,5,922.25,2/19/2023,4611.25
782,Laptop,West,3,480.01,2/20/2023,1440.03
783,Laptop,South,3,1085.92,2/21/2023,3257.76
784,Tablet,West,3,1150.56,2/22/2023,3451.68
785,Headphones,East,5,198.65,2/23/2023,993.25
786,Laptop,West,5,795.09,2/24/2023,3975.45
787,Smartphone,North,4,787.89,2/25/2023,3151.56
788,Smartwatch,West,1,585.46,2/26/2023,585.46
789,Laptop,South,5,1402.74,2/27/2023,7013.7
790,Laptop,North,5,1249.88,2/28/2023,6249.4
791,Tablet,South,4,1060.95,3/1/2023,4243.8
792,Headphones,South,6,1085.77,3/2/2023,6514.62
793,Smartwatch,North,4,719.49,3/3/2023,2877.96
794,Smartphone,South,7,1385.44,3/4/2023,9698.08
795,Smartwatch,South,7,1057.16,3/5/2023,7400.12
796,Smartphone,West,2,1107.02,3/6/2023,2214.04
797,Headphones,East,3,1299.45,3/7/2023,3898.35
798,Smartphone,South,1,447.4,3/8/2023,447.4
799,Tablet,South,8,1220.25,3/9/2023,9762
800,Tablet,South,9,333.1,3/10/2023,2997.9
801,Tablet,West,4,550.75,3/11/2023,2203
802,Tablet,East,6,536.64,3/12/2023,3219.84
803,Smartwatch,North,9,1468.86,3/13/2023,13219.74
804,Headphones,West,6,1291.98,3/14/2023,7751.88
805,Smartphone,West,9,1066.7,3/15/2023,9600.3
806,Smartphone,East,4,1104.23,3/16/2023,4416.92
807,Tablet,East,8,865.01,3/17/2023,6920.08
808,Tablet,West,9,1423.28,3/18/2023,12809.52
809,Laptop,North,4,769.58,3/19/2023,3078.32
810,Headphones,West,5,601.75,3/20/2023,3008.75
811,Smartwatch,East,8,286.4,3/21/2023,2291.2
812,Smartphone,North,6,1190,3/22/2023,7140
813,Laptop,East,7,1114.94,3/23/2023,7804.58
814,Laptop,North,3,607.31,3/24/2023,1821.93
815,Smartphone,South,7,86.53,3/25/2023,605.71
816,Smartwatch,East,8,1266.55,3/26/2023,10132.4
817,Laptop,East,6,66.56,3/27/2023,399.36
818,Laptop,West,9,1070.36,3/28/2023,9633.24
819,Headphones,East,6,1456.87,3/29/2023,8741.22
820,Smartwatch,East,9,684.61,3/30/2023,6161.49
821,Laptop,South,4,390.71,3/31/2023,1562.84
822,Smartwatch,East,8,1072.06,4/1/2023,8576.48
823,Smartphone,South,4,1234.84,4/2/2023,4939.36
824,Tablet,South,2,842.32,4/3/2023,1684.64
825,Laptop,South,9,1452.2,4/4/2023,13069.8
826,Headphones,South,5,124.92,4/5/2023,624.6
827,Smartphone,North,4,781.95,4/6/2023,3127.8
828,Smartwatch,West,2,1091.76,4/7/2023,2183.52
829,Smartphone,North,1,1300.83,4/8/2023,1300.83
830,Laptop,East,7,309.92,4/9/2023,2169.44
831,Smartwatch,North,6,1210.01,4/10/2023,7260.06
832,Tablet,North,2,851.43,4/11/2023,1702.86
833,Smartphone,East,8,625,4/12/2023,5000
834,Laptop,East,4,240.99,4/13/2023,963.96
835,Headphones,East,8,1304.68,4/14/2023,10437.44
836,Smartwatch,North,7,278.05,4/15/2023,1946.35
837,Smartphone,North,5,499.19,4/16/2023,2495.95
838,Smartphone,East,8,470.57,4/17/2023,3764.56
839,Tablet,West,9,1313.55,4/18/2023,11821.95
840,Tablet,West,5,1025.42,4/19/2023,5127.1
841,Headphones,South,5,1205.19,4/20/2023,6025.95
842,Headphones,East,2,413.18,4/21/2023,826.36
843,Laptop,South,5,956.07,4/22/2023,4780.35
844,Laptop,West,3,879.03,4/23/2023,2637.09
845,Headphones,South,7,1257.6,4/24/2023,8803.2
846,Headphones,East,5,1363.83,4/25/2023,6819.15
847,Smartwatch,East,8,67.63,4/26/2023,541.04
848,Tablet,East,1,1027.33,4/27/2023,1027.33
849,Laptop,North,3,125.16,4/28/2023,375.48
850,Tablet,South,3,845.85,4/29/2023,2537.55
851,Tablet,West,9,467.07,4/30/2023,4203.63
852,Headphones,West,5,494.83,5/1/2023,2474.15
853,Smartwatch,West,9,561.79,5/2/2023,5056.11
854,Smartphone,North,9,950.87,5/3/2023,8557.83
855,Smartwatch,North,1,534.37,5/4/2023,534.37
856,Smartwatch,East,2,1112.41,5/5/2023,2224.82
857,Tablet,West,5,636.56,5/6/2023,3182.8
858,Smartwatch,North,4,149.11,5/7/2023,596.44
859,Laptop,East,9,1186.45,5/8/2023,10678.05
860,Tablet,West,7,464.35,5/9/2023,3250.45
861,Laptop,South,6,677.51,5/10/2023,4065.06
862,Smartphone,East,7,1043.89,5/11/2023,7307.23
863,Tablet,North,1,532.06,5/12/2023,532.06
864,Smartphone,North,1,132.05,5/13/2023,132.05
865,Tablet,East,8,592.19,5/14/2023,4737.52
866,Headphones,East,2,1419.45,5/15/2023,2838.9
867,Smartwatch,North,9,980.51,5/16/2023,8824.59
868,Headphones,South,7,1023.64,5/17/2023,7165.48
869,Smartphone,West,6,966.81,5/18/2023,5800.86
870,Smartwatch,South,1,338.54,5/19/2023,338.54
871,Tablet,East,1,656.58,5/20/2023,656.58
872,Smartwatch,South,2,1138.86,5/21/2023,2277.72
873,Laptop,North,6,196.99,5/22/2023,1181.94
874,Smartwatch,East,6,452.89,5/23/2023,2717.34
875,Laptop,West,2,450.66,5/24/2023,901.32
876,Smartwatch,North,1,676.43,5/25/2023,676.43
877,Laptop,North,5,1471.53,5/26/2023,7357.65
878,Smartphone,West,5,147.88,5/27/2023,739.4
879,Headphones,West,2,802.12,5/28/2023,1604.24
880,Tablet,South,6,310.08,5/29/2023,1860.48
881,Smartwatch,East,9,1457.48,5/30/2023,13117.32
882,Headphones,West,2,214.29,5/31/2023,428.58
883,Tablet,West,2,635.22,6/1/2023,1270.44
884,Tablet,East,3,1119.93,6/2/2023,3359.79
885,Laptop,West,7,1071.6,6/3/2023,7501.2
886,Smartphone,West,6,662.96,6/4/2023,3977.76
887,Smartphone,South,8,552.46,6/5/2023,4419.68
888,Headphones,North,8,626.54,6/6/2023,5012.32
889,Smartphone,North,6,433.2,6/7/2023,2599.2
890,Smartwatch,North,3,347.73,6/8/2023,1043.19
891,Smartphone,North,3,750.41,6/9/2023,2251.23
892,Headphones,West,1,439.37,6/10/2023,439.37
893,Smartphone,East,7,466.82,6/11/2023,3267.74
894,Smartwatch,East,5,1002.3,6/12/2023,5011.5
895,Laptop,South,4,1454.38,6/13/2023,5817.52
896,Headphones,South,4,925.27,6/14/2023,3701.08
897,Laptop,West,4,161.62,6/15/2023,646.48
898,Laptop,East,6,159.6,6/16/2023,957.6
899,Laptop,East,8,1429.56,6/17/2023,11436.48
900,Tablet,North,8,481.07,6/18/2023,3848.56
901,Tablet,West,5,183.5,6/19/2023,917.5
902,Laptop,West,6,918.61,6/20/2023,5511.66
903,Headphones,North,4,954.29,6/21/2023,3817.16
904,Smartwatch,West,9,990.33,6/22/2023,8912.97
905,Smartwatch,West,8,437.73,6/23/2023,3501.84
906,Smartphone,South,1,71.91,6/24/2023,71.91
907,Headphones,East,2,1449.27,6/25/2023,2898.54
908,Tablet,West,9,413.79,6/26/2023,3724.11
909,Laptop,South,8,1030.24,6/27/2023,8241.92
910,Smartphone,East,3,1074.61,6/28/2023,3223.83
911,Smartwatch,North,8,934.51,6/29/2023,7476.08
912,Tablet,South,1,503.72,6/30/2023,503.72
913,Tablet,South,4,443.09,7/1/2023,1772.36
914,Laptop,East,3,916.62,7/2/2023,2749.86
915,Smartwatch,North,6,1305.84,7/3/2023,7835.04
916,Headphones,South,7,1422.76,7/4/2023,9959.32
917,Tablet,West,4,203.56,7/5/2023,814.24
918,Laptop,West,7,274.5,7/6/2023,1921.5
919,Headphones,West,9,1419.87,7/7/2023,12778.83
920,Smartwatch,North,2,1117.98,7/8/2023,2235.96
921,Tablet,South,3,1330.34,7/9/2023,3991.02
922,Headphones,West,5,343.82,7/10/2023,1719.1
923,Headphones,North,3,902,7/11/2023,2706
924,Headphones,West,8,1066.65,7/12/2023,8533.2
925,Tablet,East,8,1036.16,7/13/2023,8289.28
926,Tablet,South,8,641.82,7/14/2023,5134.56
927,Smartphone,South,9,72.32,7/15/2023,650.88
928,Smartwatch,North,4,895.24,7/16/2023,3580.96
929,Laptop,North,5,417,7/17/2023,2085
930,Headphones,South,5,702.87,7/18/2023,3514.35
931,Smartphone,West,8,1438.49,7/19/2023,11507.92
932,Laptop,West,7,628.6,7/20/2023,4400.2
933,Smartphone,East,9,1267.71,7/21/2023,11409.39
934,Tablet,West,8,323.38,7/22/2023,2587.04
935,Headphones,North,2,1025.07,7/23/2023,2050.14
936,Laptop,North,4,1466.66,7/24/2023,5866.64
937,Laptop,West,6,197.74,7/25/2023,1186.44
938,Laptop,North,2,62.06,7/26/2023,124.12
939,Laptop,South,7,678.7,7/27/2023,4750.9
940,Laptop,South,3,184.31,7/28/2023,552.93
941,Smartphone,West,3,1135.16,7/29/2023,3405.48
942,Headphones,South,2,1376.1,7/30/2023,2752.2
943,Tablet,South,8,679.33,7/31/2023,5434.64
944,Tablet,East,6,425.13,8/1/2023,2550.78
945,Tablet,East,1,679.88,8/2/2023,679.88
946,Tablet,South,1,1099,8/3/2023,1099
947,Smartphone,West,7,63.13,8/4/2023,441.91
948,Smartwatch,East,8,904.71,8/5/2023,7237.68
949,Headphones,North,5,939.27,8/6/2023,4696.35
950,Laptop,North,5,974.65,8/7/2023,4873.25
951,Smartwatch,North,4,400.93,8/8/2023,1603.72
952,Tablet,West,6,1085.38,8/9/2023,6512.28
953,Smartwatch,South,6,182.52,8/10/2023,1095.12
954,Headphones,North,3,338.94,8/11/2023,1016.82
955,Laptop,West,9,1322.33,8/12/2023,11900.97
956,Laptop,East,7,1121.15,8/13/2023,7848.05
957,Headphones,South,1,69.93,8/14/2023,69.93
958,Headphones,East,7,410.15,8/15/2023,2871.05
959,Tablet,West,5,360.89,8/16/2023,1804.45
960,Laptop,North,5,442.67,8/17/2023,2213.35
961,Smartwatch,North,2,408.96,8/18/2023,817.92
962,Smartphone,West,4,140.66,8/19/2023,562.64
963,Smartphone,North,6,715.46,8/20/2023,4292.76
964,Headphones,South,7,1112.46,8/21/2023,7787.22
965,Tablet,West,5,929.76,8/22/2023,4648.8
966,Smartphone,East,9,1025.66,8/23/2023,9230.94
967,Laptop,West,3,167.67,8/24/2023,503.01
968,Headphones,South,1,1429.66,8/25/2023,1429.66
969,Smartwatch,South,4,1265.81,8/26/2023,5063.24
970,Headphones,West,9,1217.38,8/27/2023,10956.42
971,Smartwatch,West,4,1243.33,8/28/2023,4973.32
972,Headphones,North,2,1402.43,8/29/2023,2804.86
973,Headphones,South,5,839.17,8/30/2023,4195.85
974,Headphones,West,3,340.41,8/31/2023,1021.23
975,Smartwatch,West,9,944.34,9/1/2023,8499.06
976,Smartwatch,South,4,1127.18,9/2/2023,4508.72
977,Headphones,West,6,1119.98,9/3/2023,6719.88
978,Smartphone,North,2,806.1,9/4/2023,1612.2
979,Tablet,South,6,149.27,9/5/2023,895.62
980,Tablet,North,3,588.11,9/6/2023,1764.33
981,Tablet,North,9,1385.11,9/7/2023,12465.99
982,Smartwatch,North,2,897.45,9/8/2023,1794.9
983,Smartwatch,North,9,830.58,9/9/2023,7475.22
984,Smartphone,South,5,439.84,9/10/2023,2199.2
985,Tablet,North,8,584.25,9/11/2023,4674
986,Tablet,North,2,1348.25,9/12/2023,2696.5
987,Headphones,West,6,1016.37,9/13/2023,6098.22
988,Smartwatch,South,3,1191.71,9/14/2023,3575.13
989,Tablet,South,5,708.8,9/15/2023,3544
990,Smartphone,East,8,963.86,9/16/2023,7710.88
991,Smartphone,South,1,410.16,9/17/2023,410.16
992,Tablet,South,5,1072.92,9/18/2023,5364.6
993,Smartwatch,East,3,670.02,9/19/2023,2010.06
994,Smartphone,South,4,691.69,9/20/2023,2766.76
995,Headphones,South,2,991.52,9/21/2023,1983.04
996,Smartphone,South,9,1407.61,9/22/2023,12668.49
997,Laptop,South,3,142.81,9/23/2023,428.43
998,Laptop,East,2,1245.88,9/24/2023,2491.76
999,Smartwatch,South,9,473.96,9/25/2023,4265.64
1000,Tablet,South,7,693.68,9/26/2023,4855.76
